<?xml version="1.0" standalone="yes"?>
<IMTSDB_NEW xmlns="http://tempuri.org/IMTSDB_NEW.xsd">
  <xs:schema id="IMTSDB_NEW" targetNamespace="http://tempuri.org/IMTSDB_NEW.xsd" xmlns:mstns="http://tempuri.org/IMTSDB_NEW.xsd" xmlns="http://tempuri.org/IMTSDB_NEW.xsd" xmlns:xs="http://www.w3.org/2001/XMLSchema" xmlns:msdata="urn:schemas-microsoft-com:xml-msdata" xmlns:msprop="urn:schemas-microsoft-com:xml-msprop" attributeFormDefault="qualified" elementFormDefault="qualified">
    <xs:element name="IMTSDB_NEW" msdata:IsDataSet="true" msdata:MainDataTable="http_x003A__x002F__x002F_tempuri.org_x002F_IMTSDB_NEW.xsd_x003A_Materiale_Container" msdata:UseCurrentLocale="true">
      <xs:complexType>
        <xs:choice minOccurs="0" maxOccurs="unbounded">
          <xs:element name="Materiale_Container">
            <xs:complexType>
              <xs:sequence>
                <xs:element name="Id_Materiale" msdata:AutoIncrement="true" msdata:AutoIncrementSeed="1" type="xs:int" />
                <xs:element name="Quantità_Materiale" type="xs:string" default="0" minOccurs="0" />
                <xs:element name="Descrizione_Materiale" minOccurs="0">
                  <xs:simpleType>
                    <xs:restriction base="xs:string">
                      <xs:maxLength value="45" />
                    </xs:restriction>
                  </xs:simpleType>
                </xs:element>
                <xs:element name="Lunghezza_Materiale" type="xs:string" minOccurs="0" />
                <xs:element name="Altezza_Materiale" type="xs:string" minOccurs="0" />
                <xs:element name="Profondita_Materiale" type="xs:string" minOccurs="0" />
                <xs:element name="Peso_Materiale" type="xs:string" minOccurs="0" />
                <xs:element name="Valore_Materiale" type="xs:string" minOccurs="0" />
                <xs:element name="Matricola" minOccurs="0">
                  <xs:simpleType>
                    <xs:restriction base="xs:string">
                      <xs:maxLength value="25" />
                    </xs:restriction>
                  </xs:simpleType>
                </xs:element>
                <xs:element name="Dangerous" type="xs:boolean" minOccurs="0" />
                <xs:element name="UN_Code" minOccurs="0">
                  <xs:simpleType>
                    <xs:restriction base="xs:string">
                      <xs:maxLength value="4" />
                    </xs:restriction>
                  </xs:simpleType>
                </xs:element>
                <xs:element name="Classe_Rischio" minOccurs="0">
                  <xs:simpleType>
                    <xs:restriction base="xs:string">
                      <xs:maxLength value="5" />
                    </xs:restriction>
                  </xs:simpleType>
                </xs:element>
                <xs:element name="Compatibilita" minOccurs="0">
                  <xs:simpleType>
                    <xs:restriction base="xs:string">
                      <xs:maxLength value="1" />
                    </xs:restriction>
                  </xs:simpleType>
                </xs:element>
                <xs:element name="Peso_Pericoloso" type="xs:string" minOccurs="0" />
              </xs:sequence>
            </xs:complexType>
          </xs:element>
        </xs:choice>
      </xs:complexType>
    </xs:element>
  </xs:schema>
  <Materiale_Container>
    <Id_Materiale>1</Id_Materiale>
    <Quantità_Materiale>44</Quantità_Materiale>
    <Descrizione_Materiale>desc</Descrizione_Materiale>
    <Lunghezza_Materiale>66</Lunghezza_Materiale>
    <Altezza_Materiale>55</Altezza_Materiale>
    <Profondita_Materiale>777</Profondita_Materiale>
    <Peso_Materiale>77</Peso_Materiale>
    <Valore_Materiale>88</Valore_Materiale>
    <Matricola>SSN</Matricola>
    <Dangerous>false</Dangerous>
    <UN_Code />
    <Classe_Rischio />
    <Compatibilita />
    <Peso_Pericoloso />
  </Materiale_Container>
  <Materiale_Container>
    <Id_Materiale>2</Id_Materiale>
    <Quantità_Materiale>666</Quantità_Materiale>
    <Descrizione_Materiale>YYY</Descrizione_Materiale>
    <Lunghezza_Materiale>888</Lunghezza_Materiale>
    <Altezza_Materiale>7777</Altezza_Materiale>
    <Profondita_Materiale>7777</Profondita_Materiale>
    <Peso_Materiale>899</Peso_Materiale>
    <Valore_Materiale>999</Valore_Materiale>
    <Matricola>HHJHJ</Matricola>
    <Dangerous>true</Dangerous>
    <UN_Code>3333</UN_Code>
    <Classe_Rischio>1.3</Classe_Rischio>
    <Compatibilita>D</Compatibilita>
    <Peso_Pericoloso>43</Peso_Pericoloso>
  </Materiale_Container>
  <Materiale_Container>
    <Id_Materiale>3</Id_Materiale>
    <Quantità_Materiale>22</Quantità_Materiale>
    <Descrizione_Materiale>descsr</Descrizione_Materiale>
    <Lunghezza_Materiale>5555</Lunghezza_Materiale>
    <Altezza_Materiale>5555</Altezza_Materiale>
    <Profondita_Materiale>6666</Profondita_Materiale>
    <Peso_Materiale>777</Peso_Materiale>
    <Valore_Materiale>777</Valore_Materiale>
    <Matricola>8888</Matricola>
    <Dangerous>false</Dangerous>
    <UN_Code />
    <Classe_Rischio />
    <Compatibilita />
    <Peso_Pericoloso />
  </Materiale_Container>
  <Materiale_Container>
    <Id_Materiale>4</Id_Materiale>
    <Quantità_Materiale>33</Quantità_Materiale>
    <Descrizione_Materiale>descrizione prolsiaaaaa</Descrizione_Materiale>
    <Lunghezza_Materiale>66</Lunghezza_Materiale>
    <Altezza_Materiale>8787</Altezza_Materiale>
    <Profondita_Materiale>989</Profondita_Materiale>
    <Peso_Materiale>989</Peso_Materiale>
    <Valore_Materiale>9889</Valore_Materiale>
    <Matricola>8888eee</Matricola>
    <Dangerous>true</Dangerous>
    <UN_Code>444</UN_Code>
    <Classe_Rischio>S.2</Classe_Rischio>
    <Compatibilita>C</Compatibilita>
    <Peso_Pericoloso>444</Peso_Pericoloso>
  </Materiale_Container>
  <Materiale_Container>
    <Id_Materiale>5</Id_Materiale>
    <Quantità_Materiale>55</Quantità_Materiale>
    <Descrizione_Materiale>descri zio psjòdsj 1</Descrizione_Materiale>
    <Lunghezza_Materiale>1,09</Lunghezza_Materiale>
    <Altezza_Materiale>2,99</Altezza_Materiale>
    <Profondita_Materiale>3,10</Profondita_Materiale>
    <Peso_Materiale>4,11</Peso_Materiale>
    <Valore_Materiale>1999,9</Valore_Materiale>
    <Matricola>mat</Matricola>
    <Dangerous>true</Dangerous>
    <UN_Code>333</UN_Code>
    <Classe_Rischio>9</Classe_Rischio>
    <Compatibilita>D</Compatibilita>
    <Peso_Pericoloso>333</Peso_Pericoloso>
  </Materiale_Container>
</IMTSDB_NEW>