<?xml version="1.0" standalone="yes"?>
<IMTSDB_NEW xmlns="http://tempuri.org/IMTSDB_NEW.xsd">
  <xs:schema id="IMTSDB_NEW" targetNamespace="http://tempuri.org/IMTSDB_NEW.xsd" xmlns:mstns="http://tempuri.org/IMTSDB_NEW.xsd" xmlns="http://tempuri.org/IMTSDB_NEW.xsd" xmlns:xs="http://www.w3.org/2001/XMLSchema" xmlns:msdata="urn:schemas-microsoft-com:xml-msdata" xmlns:msprop="urn:schemas-microsoft-com:xml-msprop" attributeFormDefault="qualified" elementFormDefault="qualified">
    <xs:element name="IMTSDB_NEW" msdata:IsDataSet="true" msdata:MainDataTable="http_x003A__x002F__x002F_tempuri.org_x002F_IMTSDB_NEW.xsd_x003A_Minute" msdata:UseCurrentLocale="true">
      <xs:complexType>
        <xs:choice minOccurs="0" maxOccurs="unbounded">
          <xs:element name="Minute">
            <xs:complexType>
              <xs:sequence>
                <xs:element name="Id_Miniute" msdata:AutoIncrement="true" msdata:AutoIncrementSeed="1" type="xs:int" minOccurs="0" />
                <xs:element name="NCopie" type="xs:int" minOccurs="0" />
                <xs:element name="Verbale_Number" type="xs:string" minOccurs="0" />
                <xs:element name="Container_Descrizione" type="xs:string" minOccurs="0" />
                <xs:element name="Matricola-targa" msprop:Generator_ColumnVarNameInTable="_columnMatricola_targa" msprop:Generator_UserColumnName="Matricola-targa" type="xs:string" minOccurs="0" />
                <xs:element name="Tara" type="xs:string" minOccurs="0" />
                <xs:element name="Valore" type="xs:string" minOccurs="0" />
                <xs:element name="Data_Acquisizione_Verbale" type="xs:dateTime" minOccurs="0" />
                <xs:element name="Presso_Luogo" type="xs:string" minOccurs="0" />
                <xs:element name="Presso_Caserma" type="xs:string" minOccurs="0" />
                <xs:element name="Ordine_Giorno_NR" type="xs:string" minOccurs="0" />
                <xs:element name="Data_Provvedimento" type="xs:dateTime" minOccurs="0" />
                <xs:element name="Operazione_Container" type="xs:string" minOccurs="0" />
                <xs:element name="Destinazione_Container" type="xs:string" minOccurs="0" />
                <xs:element name="Mittente" type="xs:string" minOccurs="0" />
                <xs:element name="Destinazione" type="xs:string" minOccurs="0" />
                <xs:element name="Terminale_Stoccaggio" type="xs:string" minOccurs="0" />
                <xs:element name="Vettore_Trasporto" type="xs:string" minOccurs="0" />
                <xs:element name="Telaio" type="xs:string" minOccurs="0" />
                <xs:element name="SNMotore" type="xs:string" minOccurs="0" />
                <xs:element name="Anno_Costruzione" type="xs:string" minOccurs="0" />
                <xs:element name="Tipo_Carburante" type="xs:string" minOccurs="0" />
                <xs:element name="Presidente_Commissione" type="xs:string" minOccurs="0" />
                <xs:element name="Segretario_Commissione" type="xs:string" minOccurs="0" />
                <xs:element name="Membro_Commissione" type="xs:string" minOccurs="0" />
                <xs:element name="Responsabile_Chiusura" type="xs:string" minOccurs="0" />
                <xs:element name="Luogo_Chiusura" type="xs:string" minOccurs="0" />
                <xs:element name="Data_Chiusura" type="xs:dateTime" minOccurs="0" />
              </xs:sequence>
            </xs:complexType>
          </xs:element>
        </xs:choice>
      </xs:complexType>
      <xs:unique name="Constraint1">
        <xs:selector xpath=".//mstns:Minute" />
        <xs:field xpath="mstns:Id_Miniute" />
      </xs:unique>
    </xs:element>
  </xs:schema>
  <Minute>
    <Id_Miniute>1</Id_Miniute>
    <NCopie>1</NCopie>
    <Verbale_Number>550</Verbale_Number>
    <Container_Descrizione>CONTAINER ISO 8</Container_Descrizione>
    <Matricola-targa>SNTG</Matricola-targa>
    <Tara>865,00</Tara>
    <Valore>1000</Valore>
    <Data_Acquisizione_Verbale>2019-12-01T00:00:00+01:00</Data_Acquisizione_Verbale>
    <Presso_Luogo>ROMA</Presso_Luogo>
    <Presso_Caserma>CASERMA65</Presso_Caserma>
    <Ordine_Giorno_NR>23</Ordine_Giorno_NR>
    <Data_Provvedimento>2019-12-08T00:00:00+01:00</Data_Provvedimento>
    <Operazione_Container>123456SN</Operazione_Container>
    <Destinazione_Container>ROMANIA</Destinazione_Container>
    <Mittente>SENDER</Mittente>
    <Destinazione>DEST</Destinazione>
    <Terminale_Stoccaggio>TERMINA</Terminale_Stoccaggio>
    <Vettore_Trasporto>VECTOR</Vettore_Trasporto>
    <Telaio>CHASSI</Telaio>
    <SNMotore>SNENGINE</SNMotore>
    <Anno_Costruzione>1998</Anno_Costruzione>
    <Tipo_Carburante>BENZINA</Tipo_Carburante>
    <Presidente_Commissione>PRESIDENTE ANDREA</Presidente_Commissione>
    <Segretario_Commissione>SECRET DEL PICCHIO</Segretario_Commissione>
    <Membro_Commissione>MEMBRO GUIOV</Membro_Commissione>
    <Responsabile_Chiusura>RESPO</Responsabile_Chiusura>
    <Luogo_Chiusura>ROMA</Luogo_Chiusura>
    <Data_Chiusura>2019-12-22T00:00:00+01:00</Data_Chiusura>
  </Minute>
</IMTSDB_NEW>